<?xml version="1.0" encoding="UTF-8"?>
<mapping><class name="com.generated.xmls.commonproductelements.GlobalAttributes" access="shared"><map-to xml="global-attributes" ns-uri="http://spin.sears.com/catalog/v24" element-definition="true"/></class><class name="com.generated.xmls.commonproductelements.types.GlobalAttributeType" access="shared"><map-to xml="GlobalAttributeType" ns-uri="http://spin.sears.com/catalog/v24" element-definition="false"/></class><class name="com.generated.xmls.commonproductelements.types.ChokingHazardType" access="shared"><map-to xml="ChokingHazardType" ns-uri="http://spin.sears.com/catalog/v24" element-definition="false"/></class><class name="com.generated.xmls.commonproductelements.GlobalAttributesType" access="shared"><map-to xml="global-attributes-type" ns-uri="http://spin.sears.com/catalog/v24" element-definition="false"/><field name="attributeList" type="com.generated.xmls.commonproductelements.types.GlobalAttributeType"><bind-xml name="attribute" node="element"/></field><field name="chokingHazardList" type="com.generated.xmls.commonproductelements.types.ChokingHazardType"><bind-xml name="choking-hazard" node="element"/></field></class><class name="com.generated.xmls.commonproductelements.ProductAssets" access="shared"><map-to xml="product-assets" ns-uri="http://spin.sears.com/catalog/v24" element-definition="true"/></class><class name="com.generated.xmls.commonproductelements.ProductAsset" access="shared"><map-to xml="product-asset" ns-uri="http://spin.sears.com/catalog/v24" element-definition="true"/></class><class name="com.generated.xmls.commonproductelements.types.TypeType" access="shared"><map-to xml="typeType" ns-uri="http://spin.sears.com/catalog/v24" element-definition="false"/></class><class name="com.generated.xmls.commonproductelements.ProductAssetType" access="shared"><map-to xml="product-asset-type" ns-uri="http://spin.sears.com/catalog/v24" element-definition="false"/><field name="type" type="com.generated.xmls.commonproductelements.types.TypeType" required="true"><bind-xml name="type" node="element"/></field><field name="name" type="java.lang.String"><bind-xml name="name" node="element"/></field><field name="url" type="java.lang.String" required="true"><bind-xml name="url" node="element"/></field><field name="height" type="java.lang.Long"><bind-xml name="height" node="element"/></field><field name="width" type="java.lang.Long"><bind-xml name="width" node="element"/></field><field name="rank" type="java.lang.Long"><bind-xml name="rank" node="element"/></field></class><class name="com.generated.xmls.commonproductelements.ProductAssetsType" access="shared"><map-to xml="product-assets-type" ns-uri="http://spin.sears.com/catalog/v24" element-definition="false"/><field name="productAssetList" type="com.generated.xmls.commonproductelements.ProductAsset" required="true"><bind-xml name="product-asset" node="element"/></field></class><class name="com.generated.xmls.commonproductelements.ProductAttributes" access="shared"><map-to xml="product-attributes" ns-uri="http://spin.sears.com/catalog/v24" element-definition="true"/></class><class name="com.generated.xmls.commonproductelements.ProductAttribute" access="shared"><map-to xml="product-attribute" ns-uri="http://spin.sears.com/catalog/v24" element-definition="true"/></class><class name="com.generated.xmls.commonproductelements.ProductAttributeTypeChoice" access="shared"><map-to ns-uri="http://spin.sears.com/catalog/v24" element-definition="false"/><field name="attributeValueId" type="java.lang.Long" required="true"><bind-xml name="attribute-value-id" node="element"/></field><field name="attributeValueFree" type="java.lang.String" required="true"><bind-xml name="attribute-value-free" node="element"/></field><field name="attributeValueFlag" type="java.lang.Boolean" required="true"><bind-xml name="attribute-value-flag" node="element"/></field></class><class name="com.generated.xmls.commonproductelements.ProductAttributeType" access="shared"><map-to xml="product-attribute-type" ns-uri="http://spin.sears.com/catalog/v24" element-definition="false"/><field name="attributeId" type="java.lang.Long" required="true"><bind-xml name="attribute-id" node="element"/></field><field name="productAttributeTypeChoice" type="com.generated.xmls.commonproductelements.ProductAttributeTypeChoice" required="true" container="true"><bind-xml name="-error-if-this-is-used-" node="element"/></field><field name="trademarkText" type="java.lang.String"><bind-xml name="trademark-text" node="element"/></field></class><class name="com.generated.xmls.commonproductelements.ProductAttributesType" access="shared"><map-to xml="product-attributes-type" ns-uri="http://spin.sears.com/catalog/v24" element-definition="false"/><field name="productAttributeList" type="com.generated.xmls.commonproductelements.ProductAttribute" required="true"><bind-xml name="product-attribute" node="element"/></field></class><class name="com.generated.xmls.commonproductelements.FeatureImages" access="shared"><map-to xml="feature-images" ns-uri="http://spin.sears.com/catalog/v24" element-definition="true"/></class><class name="com.generated.xmls.commonproductelements.FeatureImage" access="shared"><map-to xml="feature-image" ns-uri="http://spin.sears.com/catalog/v24" element-definition="true"/></class><class name="com.generated.xmls.commonproductelements.FeatureImageType" access="shared"><map-to xml="feature-image-type" ns-uri="http://spin.sears.com/catalog/v24" element-definition="false"/><field name="imageElementsGroup" type="com.generated.xmls.commonproductelements.ImageElementsGroup" required="true" container="true"><bind-xml name="-error-if-this-is-used-" node="element"/></field><field name="rank" type="java.lang.Long"><bind-xml name="rank" node="element"/></field></class><class name="com.generated.xmls.commonproductelements.FeatureImagesType" access="shared"><map-to xml="feature-images-type" ns-uri="http://spin.sears.com/catalog/v24" element-definition="false"/><field name="featureImageList" type="com.generated.xmls.commonproductelements.FeatureImage" required="true"><bind-xml name="feature-image" node="element"/></field></class><class name="com.generated.xmls.commonproductelements.PrimaryImage" access="shared"><map-to xml="primary-image" ns-uri="http://spin.sears.com/catalog/v24" element-definition="true"/></class><class name="com.generated.xmls.commonproductelements.ImageType" access="shared"><map-to xml="image-type" ns-uri="http://spin.sears.com/catalog/v24" element-definition="false"/><field name="imageElementsGroup" type="com.generated.xmls.commonproductelements.ImageElementsGroup" required="true" container="true"><bind-xml name="-error-if-this-is-used-" node="element"/></field></class><class name="com.generated.xmls.commonproductelements.DisplayConfigurations" access="shared"><map-to xml="display-configurations" ns-uri="http://spin.sears.com/catalog/v24" element-definition="true"/></class><class name="com.generated.xmls.commonproductelements.DisplayConfiguration" access="shared"><map-to xml="display-configuration" ns-uri="http://spin.sears.com/catalog/v24" element-definition="true"/></class><class name="com.generated.xmls.commonproductelements.AttributeValueConfig" access="shared"><map-to xml="attribute-value-config" ns-uri="http://spin.sears.com/catalog/v24" element-definition="true"/></class><class name="com.generated.xmls.commonproductelements.AttributeValueConfigType" access="shared"><map-to xml="attribute-value-config-type" ns-uri="http://spin.sears.com/catalog/v24" element-definition="false"/><field name="attributeConfig" type="com.generated.xmls.commonproductelements.AttributeConfig" required="true"><bind-xml name="attribute-config" node="element"/></field><field name="valueConfig" type="com.generated.xmls.commonproductelements.ValueConfig" required="true"><bind-xml name="value-config" node="element"/></field></class><class name="com.generated.xmls.commonproductelements.DisplayConfigurationType" access="shared"><map-to xml="display-configuration-type" ns-uri="http://spin.sears.com/catalog/v24" element-definition="false"/><field name="attributeConfig" type="com.generated.xmls.commonproductelements.AttributeConfig" required="true"><bind-xml name="attribute-config" node="element"/></field><field name="attributeValueConfig" type="com.generated.xmls.commonproductelements.AttributeValueConfig" required="true"><bind-xml name="attribute-value-config" node="element"/></field></class><class name="com.generated.xmls.commonproductelements.DisplayConfigurationsType" access="shared"><map-to xml="display-configurations-type" ns-uri="http://spin.sears.com/catalog/v24" element-definition="false"/><field name="displayConfigurationList" type="com.generated.xmls.commonproductelements.DisplayConfiguration" required="true"><bind-xml name="display-configuration" node="element"/></field></class><class name="com.generated.xmls.commonproductelements.AttributeConfig" access="shared"><map-to xml="attribute-config" ns-uri="http://spin.sears.com/catalog/v24" element-definition="true"/><field name="content" type="java.lang.String"><bind-xml node="text"/></field><field name="id" type="java.lang.Long" required="true"><bind-xml name="id" node="attribute"/></field></class><class name="com.generated.xmls.commonproductelements.Brand" access="shared"><map-to xml="brand" ns-uri="http://spin.sears.com/catalog/v24" element-definition="true"/></class><class name="com.generated.xmls.commonproductelements.BrandType" access="shared"><map-to xml="brand-type" ns-uri="http://spin.sears.com/catalog/v24" element-definition="false"/><field name="id" type="java.lang.Long" required="true"><bind-xml name="id" node="element"/></field><field name="name" type="java.lang.String" required="true"><bind-xml name="name" node="element"/></field><field name="logoImageUrl" type="java.lang.String"><bind-xml name="logo-image-url" node="element"/></field></class><class name="com.generated.xmls.commonproductelements.Attribute" access="shared"><map-to xml="attribute" ns-uri="http://spin.sears.com/catalog/v24" element-definition="true"/><field name="content" type="java.lang.String"><bind-xml node="text"/></field><field name="name" type="java.lang.String" required="true"><bind-xml name="name" node="attribute"/></field></class><class name="com.generated.xmls.commonproductelements.ContentExtensions" access="shared"><map-to xml="content-extensions" ns-uri="http://spin.sears.com/catalog/v24" element-definition="true"/></class><class name="com.generated.xmls.commonproductelements.Provider" access="shared"><map-to xml="provider" ns-uri="http://spin.sears.com/catalog/v24" element-definition="true"/></class><class name="com.generated.xmls.commonproductelements.Data" access="shared"><map-to xml="data" ns-uri="http://spin.sears.com/catalog/v24" element-definition="true"/></class><class name="com.generated.xmls.commonproductelements.DataType" access="shared"><map-to xml="data-type" ns-uri="http://spin.sears.com/catalog/v24" element-definition="false"/><field name="key" type="java.lang.String" required="true"><bind-xml name="key" node="element"/></field><field name="value" type="java.lang.String" required="true"><bind-xml name="value" node="element"/></field></class><class name="com.generated.xmls.commonproductelements.ProviderType" access="shared"><map-to xml="provider-type" ns-uri="http://spin.sears.com/catalog/v24" element-definition="false"/><field name="name" type="java.lang.String" required="true"><bind-xml name="name" node="attribute"/></field><field name="type" type="java.lang.String"><bind-xml name="type" node="attribute"/></field><field name="dataList" type="com.generated.xmls.commonproductelements.Data"><bind-xml name="data" node="element"/></field></class><class name="com.generated.xmls.commonproductelements.ContentExtensionsType" access="shared"><map-to xml="content-extensions-type" ns-uri="http://spin.sears.com/catalog/v24" element-definition="false"/><field name="providerList" type="com.generated.xmls.commonproductelements.Provider"><bind-xml name="provider" node="element"/></field></class><class name="com.generated.xmls.commonproductelements.Site" access="shared"><map-to xml="site" ns-uri="http://spin.sears.com/catalog/v24" element-definition="true"/></class><class name="com.generated.xmls.commonproductelements.Taxonomy" access="shared"><map-to xml="taxonomy" ns-uri="http://spin.sears.com/catalog/v24" element-definition="true"/></class><class name="com.generated.xmls.commonproductelements.Hierarchy" access="shared"><map-to xml="hierarchy" ns-uri="http://spin.sears.com/catalog/v24" element-definition="true"/></class><class name="com.generated.xmls.commonproductelements.HierarchyType" access="shared"><map-to xml="hierarchy-type" ns-uri="http://spin.sears.com/catalog/v24" element-definition="false"/><field name="primary" type="java.lang.Boolean" required="true"><bind-xml name="primary" node="attribute"/></field><field name="id" type="java.lang.Long" required="true"><bind-xml name="id" node="element"/></field></class><class name="com.generated.xmls.commonproductelements.TaxonomyType" access="shared"><map-to xml="taxonomy-type" ns-uri="http://spin.sears.com/catalog/v24" element-definition="false"/><field name="hierarchyList" type="com.generated.xmls.commonproductelements.Hierarchy" required="true"><bind-xml name="hierarchy" node="element"/></field></class><class name="com.generated.xmls.commonproductelements.SiteType" access="shared"><map-to xml="site-type" ns-uri="http://spin.sears.com/catalog/v24" element-definition="false"/><field name="id" type="java.lang.Long" required="true"><bind-xml name="id" node="attribute"/></field><field name="taxonomy" type="com.generated.xmls.commonproductelements.Taxonomy" required="true"><bind-xml name="taxonomy" node="element"/></field></class><class name="com.generated.xmls.commonproductelements.Fee" access="shared"><map-to xml="fee" ns-uri="http://spin.sears.com/catalog/v24" element-definition="true"/><field name="content" type="java.math.BigDecimal"><bind-xml node="text"/></field><field name="state" type="java.lang.String" required="true"><bind-xml name="state" node="attribute"/></field><field name="taxCd" type="java.lang.String"><bind-xml name="tax-cd" node="attribute"/></field><field name="pluNumber" type="java.lang.Long"><bind-xml name="plu-number" node="attribute"/></field></class><class name="com.generated.xmls.commonproductelements.CuratedContents" access="shared"><map-to xml="curated-contents" ns-uri="http://spin.sears.com/catalog/v24" element-definition="true"/></class><class name="com.generated.xmls.commonproductelements.CuratedGroup" access="shared"><map-to xml="curated-group" ns-uri="http://spin.sears.com/catalog/v24" element-definition="true"/></class><class name="com.generated.xmls.commonproductelements.CuratedContent" access="shared"><map-to xml="curated-content" ns-uri="http://spin.sears.com/catalog/v24" element-definition="true"/></class><class name="com.generated.xmls.commonproductelements.Asset" access="shared"><map-to xml="asset" ns-uri="http://spin.sears.com/catalog/v24" element-definition="true"/></class><class name="com.generated.xmls.commonproductelements.types.TypeType" access="shared"><map-to xml="typeType" ns-uri="http://spin.sears.com/catalog/v24" element-definition="false"/></class><class name="com.generated.xmls.commonproductelements.CuratedAssetType" access="shared"><map-to xml="curated-asset-type" ns-uri="http://spin.sears.com/catalog/v24" element-definition="false"/><field name="type" type="com.generated.xmls.commonproductelements.types.TypeType" required="true"><bind-xml name="type" node="element"/></field><field name="name" type="java.lang.String"><bind-xml name="name" node="element"/></field><field name="url" type="java.lang.String" required="true"><bind-xml name="url" node="element"/></field><field name="height" type="java.lang.Long"><bind-xml name="height" node="element"/></field><field name="width" type="java.lang.Long"><bind-xml name="width" node="element"/></field></class><class name="com.generated.xmls.commonproductelements.CuratedContentType" access="shared"><map-to xml="curated-content-type" ns-uri="http://spin.sears.com/catalog/v24" element-definition="false"/><field name="contentType" type="java.lang.String"><bind-xml name="content-type" node="element"/></field><field name="contentName" type="java.lang.String"><bind-xml name="content-name" node="element"/></field><field name="column" type="java.lang.Long"><bind-xml name="column" node="element"/></field><field name="row" type="java.lang.Long"><bind-xml name="row" node="element"/></field><field name="data" type="java.lang.String"><bind-xml name="data" node="element"/></field><field name="asset" type="com.generated.xmls.commonproductelements.Asset"><bind-xml name="asset" node="element"/></field></class><class name="com.generated.xmls.commonproductelements.CuratedGroupType" access="shared"><map-to xml="curated-group-type" ns-uri="http://spin.sears.com/catalog/v24" element-definition="false"/><field name="rank" type="java.lang.Long"><bind-xml name="rank" node="attribute"/></field><field name="curatedType" type="java.lang.String"><bind-xml name="curated-type" node="element"/></field><field name="curatedGroupName" type="java.lang.String"><bind-xml name="curated-group-name" node="element"/></field><field name="curatedContentList" type="com.generated.xmls.commonproductelements.CuratedContent"><bind-xml name="curated-content" node="element"/></field></class><class name="com.generated.xmls.commonproductelements.CuratedContentsType" access="shared"><map-to xml="curated-contents-type" ns-uri="http://spin.sears.com/catalog/v24" element-definition="false"/><field name="curatedGroupList" type="com.generated.xmls.commonproductelements.CuratedGroup"><bind-xml name="curated-group" node="element"/></field></class><class name="com.generated.xmls.commonproductelements.OperationalAttribute" access="shared"><map-to xml="operational-attribute" ns-uri="http://spin.sears.com/catalog/v24" element-definition="true"/><field name="name" type="java.lang.String" required="true"><bind-xml name="name" node="attribute"/></field><field name="siteId" type="java.lang.Long"><bind-xml name="site-id" node="attribute"/></field><field name="groupName" type="java.lang.String"><bind-xml name="group-name" node="attribute"/></field><field name="storeId" type="java.lang.Long"><bind-xml name="store-id" node="attribute"/></field><field name="operationalValueList" type="com.generated.xmls.commonproductelements.OperationalValue" required="true"><bind-xml name="operational-value" node="element"/></field></class><class name="com.generated.xmls.commonproductelements.OperationalValue" access="shared"><map-to xml="operational-value" ns-uri="http://spin.sears.com/catalog/v24" element-definition="true"/></class><class name="com.generated.xmls.commonproductelements.OperationalValueType" access="shared"><map-to xml="operational-value-type" ns-uri="http://spin.sears.com/catalog/v24" element-definition="false"/><field name="groupingId" type="java.lang.String"><bind-xml name="grouping-id" node="attribute"/></field><field name="value" type="java.lang.String" required="true"><bind-xml name="value" node="element"/></field><field name="startDtm" type="org.exolab.castor.types.Date"><bind-xml name="start-dtm" node="element"/></field><field name="endDtm" type="org.exolab.castor.types.Date"><bind-xml name="end-dtm" node="element"/></field></class><class name="com.generated.xmls.commonproductelements.ValueConfig" access="shared"><map-to xml="value-config" ns-uri="http://spin.sears.com/catalog/v24" element-definition="true"/><field name="content" type="java.lang.String"><bind-xml node="text"/></field><field name="id" type="java.lang.Long" required="true"><bind-xml name="id" node="attribute"/></field></class><class name="com.generated.xmls.commonproductelements.SeoType" access="shared"><map-to xml="seo-type" ns-uri="http://spin.sears.com/catalog/v24" element-definition="false"/><field name="seoTitle" type="java.lang.String"><bind-xml name="seo-title" node="element"/></field><field name="seoMetaDescription" type="java.lang.String"><bind-xml name="seo-meta-description" node="element"/></field><field name="seoUrl" type="java.lang.String"><bind-xml name="seo-url" node="element"/></field><field name="seoProductAltTag" type="java.lang.String"><bind-xml name="seo-product-alt-tag" node="element"/></field><field name="seoFeatureAltTag" type="java.lang.String"><bind-xml name="seo-feature-alt-tag" node="element"/></field><field name="seoRobotFollowFlag" type="java.lang.Boolean"><bind-xml name="seo-robot-follow-flag" node="element"/></field><field name="seoRobotIndexFlag" type="java.lang.Boolean"><bind-xml name="seo-robot-index-flag" node="element"/></field></class><class name="com.generated.xmls.commonproductelements.FeesType" access="shared"><map-to xml="fees-type" ns-uri="http://spin.sears.com/catalog/v24" element-definition="false"/><field name="type" type="java.lang.String" required="true"><bind-xml name="type" node="attribute"/></field><field name="feeList" type="com.generated.xmls.commonproductelements.Fee" required="true"><bind-xml name="fee" node="element"/></field></class><class name="com.generated.xmls.commonproductelements.FeatureTopDescriptionsType" access="shared"><map-to xml="feature-top-descriptions-type" ns-uri="http://spin.sears.com/catalog/v24" element-definition="false"/><field name="featureTopDescriptionList" type="java.lang.String" required="true"><bind-xml name="feature-top-description" node="element"/></field></class><class name="com.generated.xmls.commonproductelements.StateFeesType" access="shared"><map-to xml="state-fees-type" ns-uri="http://spin.sears.com/catalog/v24" element-definition="false"/><field name="feesList" type="com.generated.xmls.commonproductelements.Fees" required="true"><bind-xml name="fees" node="element"/></field></class><class name="com.generated.xmls.commonproductelements.Fees" access="shared"><map-to xml="fees" ns-uri="http://spin.sears.com/catalog/v24" element-definition="true"/></class><class name="com.generated.xmls.commonproductelements.GeoLimitersType" access="shared"><map-to xml="geo-limiters-type" ns-uri="http://spin.sears.com/catalog/v24" element-definition="false"/><field name="states" type="java.lang.String"><bind-xml name="states" node="element"/></field></class><class name="com.generated.xmls.commonproductelements.types.ParentStoreType" access="shared"><map-to xml="parent-storeType" ns-uri="http://spin.sears.com/catalog/v24" element-definition="false"/></class><class name="com.generated.xmls.commonproductelements.ProductIndicatorsGroup" access="shared"><map-to xml="product-indicators-group" ns-uri="http://spin.sears.com/catalog/v24" element-definition="false"/><field name="parentStore" type="com.generated.xmls.commonproductelements.types.ParentStoreType"><bind-xml name="parent-store" node="element"/></field></class><class name="com.generated.xmls.commonproductelements.ImageElementsGroup" access="shared"><map-to xml="image-elements-group" ns-uri="http://spin.sears.com/catalog/v24" element-definition="false"/><field name="assetId" type="java.lang.String"><bind-xml name="asset-id" node="element"/></field><field name="external" type="java.lang.Boolean"><bind-xml name="external" node="element"/></field><field name="name" type="java.lang.String"><bind-xml name="name" node="element"/></field><field name="url" type="java.lang.String" required="true"><bind-xml name="url" node="element"/></field><field name="height" type="java.lang.Long"><bind-xml name="height" node="element"/></field><field name="width" type="java.lang.Long"><bind-xml name="width" node="element"/></field><field name="toolTip" type="java.lang.String"><bind-xml name="tool-tip" node="element"/></field></class><class name="com.generated.xmls.commonproductelements.types.ItemStatusType" access="shared"><map-to xml="item-statusType" ns-uri="http://spin.sears.com/catalog/v24" element-definition="false"/></class><class name="com.generated.xmls.commonproductelements.ItemStatusDetails" access="shared"><map-to xml="item-status-details" ns-uri="http://spin.sears.com/catalog/v24" element-definition="false"/><field name="itemStatus" type="com.generated.xmls.commonproductelements.types.ItemStatusType" required="true"><bind-xml name="item-status" node="element"/></field><field name="inactiveReasonList" type="java.lang.String"><bind-xml name="inactive-reason" node="element"/></field><field name="contentKillerFlag" type="java.lang.Boolean"><bind-xml name="content-killer-flag" node="element"/></field></class></mapping>